Hostname,Status
192.168.150.2,Online
192.168.150.51,Online
192.168.150.91,Online
192.168.150.90,Online
192.168.150.100,Online
192.168.150.102,Online
192.168.150.105,Online
192.168.150.106,Online
192.168.150.107,Online
192.168.150.110,Online
192.168.150.111,Online
192.168.150.130,Online
192.168.150.133,Online
192.168.150.132,Online
192.168.150.131,Online
192.168.150.140,Online
192.168.150.1,Offline
192.168.150.4,Offline
192.168.150.3,Offline
192.168.150.5,Offline
192.168.150.8,Offline
192.168.150.6,Offline
192.168.150.7,Offline
192.168.150.9,Offline
192.168.150.10,Offline
192.168.150.13,Offline
192.168.150.12,Offline
192.168.150.14,Offline
192.168.150.15,Offline
192.168.150.11,Offline
192.168.150.16,Offline
192.168.150.17,Offline
192.168.150.19,Offline
192.168.150.21,Offline
192.168.150.18,Offline
192.168.150.20,Offline
192.168.150.22,Offline
192.168.150.24,Offline
192.168.150.23,Offline
192.168.150.25,Offline
192.168.150.27,Offline
192.168.150.26,Offline
192.168.150.28,Offline
192.168.150.31,Offline
192.168.150.30,Offline
192.168.150.32,Offline
192.168.150.29,Offline
192.168.150.33,Offline
192.168.150.36,Offline
192.168.150.34,Offline
192.168.150.35,Offline
192.168.150.37,Offline
192.168.150.38,Offline
192.168.150.39,Offline
192.168.150.42,Offline
192.168.150.40,Offline
192.168.150.41,Offline
192.168.150.43,Offline
192.168.150.45,Offline
192.168.150.44,Offline
192.168.150.46,Offline
192.168.150.47,Offline
192.168.150.48,Offline
192.168.150.50,Offline
192.168.150.55,Offline
192.168.150.49,Offline
192.168.150.52,Offline
192.168.150.53,Offline
192.168.150.57,Offline
192.168.150.56,Offline
192.168.150.59,Offline
192.168.150.54,Offline
192.168.150.61,Offline
192.168.150.63,Offline
192.168.150.62,Offline
192.168.150.58,Offline
192.168.150.60,Offline
192.168.150.64,Offline
192.168.150.65,Offline
192.168.150.66,Offline
192.168.150.67,Offline
192.168.150.68,Offline
192.168.150.69,Offline
192.168.150.72,Offline
192.168.150.71,Offline
192.168.150.70,Offline
192.168.150.75,Offline
192.168.150.74,Offline
192.168.150.76,Offline
192.168.150.73,Offline
192.168.150.77,Offline
192.168.150.81,Offline
192.168.150.80,Offline
192.168.150.82,Offline
192.168.150.79,Offline
192.168.150.83,Offline
192.168.150.85,Offline
192.168.150.78,Offline
192.168.150.87,Offline
192.168.150.86,Offline
192.168.150.84,Offline
192.168.150.88,Offline
192.168.150.92,Offline
192.168.150.93,Offline
192.168.150.89,Offline
192.168.150.97,Offline
192.168.150.96,Offline
192.168.150.95,Offline
192.168.150.94,Offline
192.168.150.98,Offline
192.168.150.99,Offline
192.168.150.101,Offline
192.168.150.103,Offline
192.168.150.104,Offline
192.168.150.108,Offline
192.168.150.109,Offline
192.168.150.114,Offline
192.168.150.112,Offline
192.168.150.113,Offline
192.168.150.115,Offline
192.168.150.118,Offline
192.168.150.119,Offline
192.168.150.116,Offline
192.168.150.121,Offline
192.168.150.122,Offline
192.168.150.120,Offline
192.168.150.123,Offline
192.168.150.117,Offline
192.168.150.125,Offline
192.168.150.127,Offline
192.168.150.128,Offline
192.168.150.124,Offline
192.168.150.126,Offline
192.168.150.129,Offline
192.168.150.136,Offline
192.168.150.135,Offline
192.168.150.134,Offline
192.168.150.139,Offline
192.168.150.137,Offline
192.168.150.141,Offline
192.168.150.144,Offline
192.168.150.143,Offline
192.168.150.138,Offline
192.168.150.142,Offline
192.168.150.149,Offline
192.168.150.145,Offline
192.168.150.147,Offline
192.168.150.148,Offline
192.168.150.146,Offline
192.168.150.150,Offline
192.168.150.151,Offline
192.168.150.158,Offline
192.168.150.154,Offline
192.168.150.153,Offline
192.168.150.155,Offline
192.168.150.156,Offline
192.168.150.152,Offline
192.168.150.157,Offline
192.168.150.162,Offline
192.168.150.160,Offline
192.168.150.161,Offline
192.168.150.163,Offline
192.168.150.159,Offline
192.168.150.166,Offline
192.168.150.165,Offline
192.168.150.164,Offline
192.168.150.167,Offline
192.168.150.169,Offline
192.168.150.168,Offline
192.168.150.171,Offline
192.168.150.173,Offline
192.168.150.172,Offline
192.168.150.170,Offline
192.168.150.179,Offline
192.168.150.174,Offline
192.168.150.177,Offline
192.168.150.176,Offline
192.168.150.175,Offline
192.168.150.178,Offline
192.168.150.182,Offline
192.168.150.180,Offline
192.168.150.181,Offline
192.168.150.184,Offline
192.168.150.183,Offline
192.168.150.185,Offline
192.168.150.186,Offline
192.168.150.188,Offline
192.168.150.187,Offline
192.168.150.189,Offline
192.168.150.191,Offline
192.168.150.190,Offline
192.168.150.192,Offline
192.168.150.194,Offline
192.168.150.196,Offline
192.168.150.193,Offline
192.168.150.195,Offline
192.168.150.198,Offline
192.168.150.199,Offline
192.168.150.197,Offline
192.168.150.200,Offline
192.168.150.203,Offline
192.168.150.201,Offline
192.168.150.202,Offline
192.168.150.204,Offline
192.168.150.205,Offline
192.168.150.206,Offline
192.168.150.209,Offline
192.168.150.208,Offline
192.168.150.207,Offline
192.168.150.212,Offline
192.168.150.210,Offline
192.168.150.213,Offline
192.168.150.214,Offline
192.168.150.211,Offline
192.168.150.215,Offline
192.168.150.217,Offline
192.168.150.218,Offline
192.168.150.216,Offline
192.168.150.221,Offline
192.168.150.222,Offline
192.168.150.219,Offline
192.168.150.220,Offline
192.168.150.223,Offline
192.168.150.226,Offline
192.168.150.224,Offline
192.168.150.233,Offline
192.168.150.228,Offline
192.168.150.225,Offline
192.168.150.227,Offline
192.168.150.229,Offline
192.168.150.232,Offline
192.168.150.235,Offline
192.168.150.234,Offline
192.168.150.236,Offline
192.168.150.238,Offline
192.168.150.239,Offline
192.168.150.230,Offline
192.168.150.231,Offline
192.168.150.237,Offline
192.168.150.244,Offline
192.168.150.243,Offline
192.168.150.242,Offline
192.168.150.241,Offline
192.168.150.245,Offline
192.168.150.246,Offline
192.168.150.240,Offline
192.168.150.247,Offline
192.168.150.251,Offline
192.168.150.249,Offline
192.168.150.248,Offline
192.168.150.254,Offline
192.168.150.250,Offline
192.168.150.253,Offline
192.168.150.252,Offline
Total Online,16
Total Offline,238
